{
  "project_info": {
    "project_number": "384739828444",
    "firebase_url": "https://admin-34e95-default-rtdb.firebaseio.com",
    "project_id": "admin-34e95",
    "storage_bucket": "admin-34e95.firebasestorage.app"
  },
  "client": [
    {
      "client_info": {
        "mobilesdk_app_id": "1:384739828444:android:615d2fa16908284e45ca19",
        "android_client_info": {
          "package_name": "com.example.digimart"
        }
      },
      "oauth_client": [],
      "api_key": [
        {
          "current_key": "AIzaSyDG2lz6U7haE2nvGDj2PIMeaVJuaU-46zQ"
        }
      ],
      "services": {
        "appinvite_service": {
          "other_platform_oauth_client": []
        }
      }
    },
    {
      "client_info": {
        "mobilesdk_app_id": "1:384739828444:android:4be649c23add555045ca19",
        "android_client_info": {
          "package_name": "com.example.digimartpenjual"
        }
      },
      "oauth_client": [],
      "api_key": [
        {
          "current_key": "AIzaSyDG2lz6U7haE2nvGDj2PIMeaVJuaU-46zQ"
        }
      ],
      "services": {
        "appinvite_service": {
          "other_platform_oauth_client": []
        }
      }
    }
  ],
  "configuration_version": "1"
}